model,accuracy,balanced_accuracy,precision,recall,f1,f2,roc_auc,pr_auc,tn,fp,fn,tp,specificity,false_negative_rate,false_positive_rate,cv_f1_mean,cv_f2_mean,cv_recall_mean,cv_precision_mean,cv_roc_auc_mean,cv_pr_auc_mean,cv_balanced_accuracy_mean
Logistic Regression,0.9174464545643585,0.912280613948358,0.6814159292035398,0.9046997389033943,0.7773415591699383,0.8490566037735849,0.9742003230287465,0.8997455612730274,3719,324,73,693,0.9198614889933218,0.09530026109660575,0.08013851100667821,0.7931140809876804,0.8666334025910016,0.9237623508441212,0.6949447304791985,0.9777905478146591,0.8976171272634794,0.9273902367763451
XGBoost,0.899771262216677,0.7155356355212794,0.8567839195979899,0.4451697127937337,0.5859106529209622,0.4924898902368573,0.9146724926362749,0.7736075019784945,3986,57,425,341,0.9859015582488251,0.5548302872062664,0.01409844175117487,0.9245995770193763,0.9572197000972708,0.9803111034168799,0.875007202136867,0.9978425037462783,0.9877379128738675,0.97823277215291
MLP Neural Network,0.8966521106259098,0.6872270287619577,0.9297124600638977,0.37989556135770236,0.5393883225208527,0.4308557891619781,0.9575500058444826,0.8251646280806939,4021,22,475,291,0.9945584961662132,0.6201044386422977,0.005441503833786792,0.8832430036294708,0.885179378062085,0.8865350953122896,0.8802663273121437,0.9909245749633395,0.9540621672076226,0.9329870668562379
Gradient Boosting,0.8922852983988355,0.6714031730696578,0.9366197183098591,0.3472584856396867,0.5066666666666667,0.3972520908004779,0.9086163494393495,0.787415019207296,4025,18,500,266,0.995547860499629,0.6527415143603134,0.004452139500371012,0.8728382496728212,0.8521176216996829,0.8389385807990459,0.9102155929387994,0.9921054002431602,0.9570408232613801,0.9124129962317589
Hist Gradient Boosting,0.8887502599292992,0.6671844899704159,0.89419795221843,0.34203655352480417,0.4948064211520302,0.39022937146261544,0.9152485454988121,0.7751383138620117,4012,31,504,262,0.9923324264160277,0.6579634464751958,0.007667573583972298,0.9605110106497454,0.9571134875349079,0.9549009047133579,0.9663885146431752,0.9990531524406583,0.9947083316443871,0.9746218279074922
Random Forest,0.867332085672697,0.5909579074556869,0.9102564102564102,0.185378590078329,0.3080260303687636,0.2204968944099379,0.9537648154402834,0.8034059194425601,4029,14,624,142,0.9965372248330447,0.814621409921671,0.0034627751669552313,0.905046036775739,0.8964510703397826,0.8908323234654818,0.919835676608618,0.9953290518541639,0.9741135856243044,0.9388160626918388
